{"cameraMode":{"drawMode":0,"name":"Shaded","section":"Shading Mode"},"sceneLighting":false,"audioPlay":false,"sceneViewState":{"m_AlwaysRefresh":false,"showFog":true,"showSkybox":false,"showFlares":true,"showImageEffects":true,"showParticleSystems":true,"showVisualEffectGraphs":true,"m_FxEnabled":true},"in2DMode":false,"pivot":{"x":0.0862145721912384,"y":0.23060451447963715,"z":0.6412222981452942},"rotation":{"x":-0.08149728924036026,"y":-0.728849470615387,"z":0.08811024576425553,"w":-0.6740958094596863},"size":0.7953113913536072,"orthographic":false}