{"cameraMode":{"drawMode":0,"name":"Shaded","section":"Shading Mode"},"sceneLighting":true,"audioPlay":false,"sceneViewState":{"m_AlwaysRefresh":false,"showFog":true,"showSkybox":true,"showFlares":true,"showImageEffects":true,"showParticleSystems":true,"showVisualEffectGraphs":true,"m_FxEnabled":true},"in2DMode":false,"pivot":{"x":1.0249260663986207,"y":-27.262510299682618,"z":78.43828582763672},"rotation":{"x":-0.1880863457918167,"y":0.03151267394423485,"z":-0.006058256607502699,"w":-0.9816455841064453},"size":49.94584274291992,"orthographic":false}