{"cameraMode":{"drawMode":0,"name":"Shaded","section":"Shading Mode"},"sceneLighting":false,"audioPlay":false,"sceneViewState":{"m_AlwaysRefresh":false,"showFog":true,"showSkybox":false,"showFlares":true,"showImageEffects":true,"showParticleSystems":true,"showVisualEffectGraphs":true,"m_FxEnabled":true},"in2DMode":false,"pivot":{"x":1.5685468912124634,"y":-1.4142924547195435,"z":2.5010249614715578},"rotation":{"x":-0.19720770418643952,"y":-0.16180814802646638,"z":0.03302077576518059,"w":-0.9663543701171875},"size":3.464101552963257,"orthographic":false}